district,area_km2,population_thousand,population_density_km2,source_year,source
Ba Đình,9.21,220.6,23952.2,2024,Ha Noi Statistical Yearbook 2024
Hoàn Kiếm,5.35,141.5,26448.6,2024,Ha Noi Statistical Yearbook 2024
Tây Hồ,24.38,171.1,7018.0,2024,Ha Noi Statistical Yearbook 2024
Long Biên,60.09,358.8,5971.0,2024,Ha Noi Statistical Yearbook 2024
Cầu Giấy,12.38,301.1,24321.5,2024,Ha Noi Statistical Yearbook 2024
Đống Đa,9.95,379.6,38150.8,2024,Ha Noi Statistical Yearbook 2024
Hai Bà Trưng,10.26,298.3,29074.1,2024,Ha Noi Statistical Yearbook 2024
Hoàng Mai,40.19,565.3,14065.7,2024,Ha Noi Statistical Yearbook 2024
Thanh Xuân,9.17,296.6,32344.6,2024,Ha Noi Statistical Yearbook 2024
Nam Từ Liêm,32.17,321.9,10006.2,2024,Ha Noi Statistical Yearbook 2024
Bắc Từ Liêm,45.25,372.3,8227.6,2024,Ha Noi Statistical Yearbook 2024
Hà Đông,49.64,463.8,9343.3,2024,Ha Noi Statistical Yearbook 2024
